Actual Price,Predicted Price
2782.25,1438.5386
2742.35,1440.1874
2735.2,1441.2617
2737.55,1442.3365
2742.1,1443.5255
2719.15,1444.7059
2788.45,1445.7643
2940.15,1447.918
2939.55,1450.5781
2911.4,1453.5886
297.1,1456.1844
305.05,1446.8107
308.5,1435.2819
304.95,1427.1112
306.2,1416.2673
305.85,1407.0912
321.45,1395.5685
319.45,1389.2137
318.75,1377.8345
317.55,1371.9032
320.25,1359.9783
317.65,1352.1941
313.25,1339.0386
306.7,1329.2925
316.1,1315.4205
314.35,1304.0586
311.3,1289.472
310.35,1277.373
295.9,1261.6578
302.05,1249.8068
307.05,1235.6652
304.25,1223.1666
307.65,1208.0143
307.05,1193.3473
305.85,1177.027
307.65,1160.9336
307.4,1143.1077
309.8,1126.4857
311.85,1108.6088
313.95,1091.0708
315.25,1071.7024
312.6,1054.8018
299.95,1035.8062
300.35,1019.86053
304.7,1000.7797
303.3,983.1642
307.05,962.93445
305.05,945.4078
304.75,924.0808
320.05,906.0952
315.6,887.25226
313.1,868.2098
318.05,847.437
325.85,828.00104
324.4,807.5434
327.35,787.45856
329.8,764.77545
334.45,743.8514
326.75,720.1181
310.0,697.84595
307.8,672.673
300.15,648.9045
293.2,622.76105
290.8,598.7126
290.35,571.0317
279.75,545.7929
287.15,517.14764
286.0,490.20694
284.4,458.68585
307.05,430.02954
306.8,401.0882
305.55,400.90802
302.35,401.23923
302.25,401.12186
296.25,401.61755
296.15,401.69907
295.55,402.40518
289.55,400.97333
299.95,401.0625
301.6,400.0932
301.9,400.58408
302.75,400.14948
294.2,400.8642
293.65,401.0498
290.65,401.55267
287.6,401.3123
285.15,401.58472
287.2,401.25168
280.85,401.5673
281.65,400.6533
282.8,399.8989
286.6,399.3105
281.55,399.46844
278.35,399.14407
274.7,399.13242
270.4,398.77997
265.35,398.97803
256.9,398.56842
263.55,398.6935
267.9,398.41336
267.0,398.65985
273.45,397.71283
274.55,397.47433
271.9,396.6072
273.6,396.4553
280.45,395.98654
285.65,396.46072
285.45,395.72397
290.0,396.10214
291.45,395.75107
291.05,394.2057
287.45,393.56113
289.05,393.51215
284.1,392.77933
277.25,391.6095
275.65,390.76193
267.15,390.16998
272.4,389.08502
271.8,388.45166
270.05,387.59296
277.3,386.30664
272.15,385.41336
265.3,383.9195
261.3,382.57184
261.8,381.6881
276.05,380.69427
267.4,380.11142
274.15,378.6864
280.65,378.42114
287.35,377.27966
288.75,373.63657
288.3,372.7604
291.8,372.80038
289.35,372.22592
282.45,371.97775
277.7,372.47955
277.25,372.30252
280.65,372.829
277.5,372.95615
278.15,372.92737
278.15,371.59854
266.25,371.50684
257.55,371.29102
257.6,369.50836
257.8,369.09604
254.85,368.93674
257.4,368.60495
260.05,368.17404
253.85,368.18646
253.95,367.6986
250.55,367.16656
254.6,366.98013
255.1,366.63712
258.05,366.47125
260.15,366.36472
265.85,366.35907
267.65,365.94794
262.5,366.03394
265.0,365.5092
265.05,365.20633
259.55,365.2299
262.8,365.37073
267.6,365.41528
267.4,365.61758
268.85,365.39673
270.9,365.69577
272.7,364.68045
267.4,364.6014
267.75,364.08688
270.5,363.7844
273.55,363.37976
268.6,363.31277
268.3,362.98224
271.75,362.76025
271.05,362.1967
267.35,361.85785
264.25,361.6611
268.65,361.63306
269.5,361.34674
263.5,361.43558
259.05,361.0373
259.35,360.9174
253.7,360.5601
256.9,360.03702
270.4,359.65295
281.05,359.77243
288.2,358.56262
285.35,359.11505
288.25,358.8139
281.4,359.09894
283.1,358.2519
269.3,358.37622
256.45,357.9876
259.4,357.76855
268.45,357.40405
279.05,353.34186
283.95,353.12244
278.05,353.5505
270.45,353.59286
267.4,353.685
245.5,353.66116
253.4,353.836
245.8,352.9547
249.45,352.6673
249.25,352.40308
247.1,352.75305
239.1,352.90204
230.6,353.0841
232.6,353.2168
225.05,353.26083
221.7,353.4063
228.3,353.38757
231.55,353.2937
227.6,353.19727
230.15,353.00943
235.15,353.07336
233.8,352.83286
236.65,352.54413
242.35,352.6055
245.15,352.54807
237.9,352.42343
240.1,351.58
239.15,350.9225
239.55,350.74713
242.0,350.6589
237.25,350.9515
235.4,350.71924
239.85,350.79385
240.25,350.60443
243.35,350.76654
243.35,350.69662
243.2,350.63065
244.5,350.53113
243.4,350.6698
244.25,350.51175
248.95,350.58835
254.9,350.55093
254.5,350.83685
254.45,350.8222
249.7,350.8907
252.85,350.863
251.15,350.97644
248.65,350.94055
242.0,350.76422
237.1,350.5284
237.2,348.9307
236.9,347.71912
236.2,346.05103
238.45,345.37845
234.2,344.58755
243.25,344.0543
246.1,343.70386
241.3,341.3271
243.25,340.2178
240.2,339.72147
247.95,338.97903
248.0,337.57333
241.05,336.56723
243.85,335.87988
243.0,335.29346
242.9,334.5071
241.5,332.93893
242.75,331.8871
249.55,331.37256
250.45,331.25952
249.3,330.99326
244.75,330.7574
241.15,330.1094
240.95,329.21017
239.15,328.797
235.9,328.21207
234.35,327.8807
231.95,327.48727
227.1,327.21982
226.5,326.97363
226.1,326.74985
227.3,326.6391
231.0,326.41068
226.65,326.4412
230.35,325.8976
228.3,325.62735
229.9,325.37714
228.65,325.09222
228.85,325.05557
228.5,324.90146
225.8,323.55258
224.4,323.1049
227.65,322.77594
220.95,322.68298
218.25,322.35092
217.0,322.1575
209.55,321.88516
208.95,321.5936
204.3,321.29437
199.85,321.12585
200.95,320.94
195.8,320.6556
184.75,320.06293
181.1,319.9467
183.1,319.7301
173.7,319.67828
175.85,319.56683
184.3,319.44977
182.9,319.5376
184.3,319.37952
185.35,319.39078
179.95,319.34753
172.9,319.3204
169.45,319.2637
166.05,319.46713
163.05,319.27594
168.2,317.91534
172.05,317.35706
167.0,317.29178
158.95,317.5299
154.2,317.50952
154.95,317.71893
167.25,317.68512
156.4,318.4143
159.15,318.81122
159.55,319.4998
164.65,319.90454
164.95,320.72086
158.45,321.0464
156.7,321.15945
151.9,321.12286
156.25,320.69028
158.4,320.7868
162.2,321.89572
180.85,321.98483
182.5,323.74216
188.4,324.27176
183.65,326.03656
183.45,326.24304
180.65,327.3208
180.35,327.56323
181.9,328.78125
185.25,328.864
185.1,329.9175
186.15,329.6975
191.05,330.6318
196.65,330.6292
197.4,331.64874
196.8,331.90723
188.45,332.79697
189.5,332.95825
197.55,333.35596
194.3,333.30466
195.7,333.87625
195.0,333.51996
184.5,333.69885
183.95,333.57758
182.1,333.48514
183.1,333.355
188.15,333.2855
187.7,332.879
191.75,332.50513
186.85,332.25873
187.3,331.7411
194.2,330.60428
199.9,330.8623
197.3,330.41022
200.85,330.32556
196.5,330.26974
192.15,330.86963
188.95,330.7674
186.4,331.56238
184.2,331.07404
180.1,331.12628
180.45,330.0384
184.4,329.861
188.65,329.6421
189.3,329.93655
184.95,329.3897
188.4,329.48315
185.0,328.68884
177.2,325.14902
177.05,323.85764
180.2,322.96002
172.9,321.76205
171.45,321.13232
168.95,320.74777
169.55,320.85095
175.15,321.0931
183.75,320.87817
195.55,321.04706
198.65,322.42706
204.85,322.93933
197.9,320.98483
200.55,321.53915
196.5,320.07343
199.05,319.92963
209.8,319.5104
210.4,320.3305
210.0,320.91327
206.2,322.07648
202.2,322.59488
207.55,323.78915
215.65,324.40765
215.7,325.89014
213.4,326.87463
215.8,327.9812
213.9,328.83737
212.8,329.7878
217.4,330.81415
211.25,331.6935
217.1,332.9091
216.3,333.71323
217.2,334.28714
218.65,335.00055
219.65,335.94366
222.85,335.4578
223.0,336.4354
220.5,337.16434
218.4,338.0845
224.6,338.50085
226.45,339.44904
227.2,339.90317
231.75,340.94638
231.5,341.48654
228.6,341.44214
229.7,340.44766
230.9,340.9245
225.6,341.0853
223.45,341.78558
229.85,341.70627
226.5,342.11395
228.65,342.75354
230.95,343.57922
229.05,344.1652
227.45,344.83456
227.85,345.1384
226.55,346.22275
225.55,347.1527
232.8,348.27246
233.05,348.72574
234.6,349.54285
231.5,349.44574
226.95,349.87567
243.2,350.51883
246.45,352.34662
246.25,353.38327
248.2,355.4651
258.5,356.85513
254.95,359.49988
254.6,359.9413
254.65,356.77713
250.05,356.42645
246.7,356.64047
248.75,356.18958
252.2,357.17807
252.55,357.29865
251.75,358.57175
254.35,356.50522
259.45,357.08536
266.55,357.1465
267.95,358.5013
264.0,359.33987
252.7,360.8882
257.6,359.13245
255.8,358.73312
254.4,358.64706
255.65,359.35266
254.25,359.71362
251.35,361.07178
257.35,361.26294
254.4,360.274
251.65,359.89417
248.95,361.1397
253.5,361.56876
247.15,362.68784
250.7,363.13623
255.2,364.25558
259.25,364.6883
260.55,366.487
256.85,367.1283
258.25,368.34457
256.0,368.91098
249.7,369.97058
251.9,369.89386
253.1,371.2463
256.9,371.62305
254.8,372.457
259.95,372.88635
258.4,374.6534
262.85,375.13397
261.3,376.1945
259.05,376.7469
255.05,377.85156
257.85,377.23563
257.85,378.11362
258.4,378.42957
251.3,379.28952
245.65,378.45773
242.85,379.22302
252.7,378.75052
252.6,378.74408
259.75,375.9409
281.6,376.65317
272.9,376.6846
278.1,372.06473
277.15,372.30765
277.65,373.54745
275.7,374.16818
257.75,373.62018
257.4,373.86264
258.75,374.8163
261.7,375.401
260.95,376.4537
253.6,376.8977
252.95,376.99777
258.4,377.39523
255.75,378.13144
254.4,378.47482
256.7,379.37778
259.15,378.44412
255.35,376.6327
259.75,375.86636
266.0,375.54675
263.4,375.72797
265.5,376.4124
262.7,376.18118
265.0,376.29938
264.75,375.7035
261.4,375.6852
254.55,374.72092
255.15,373.79834
249.75,373.158
249.25,372.7462
244.1,372.28625
248.7,371.31207
247.25,370.79712
247.55,370.8803
249.75,370.12964
243.6,368.17407
244.85,366.91556
242.9,366.9097
245.45,365.4601
245.95,364.9684
247.0,364.63333
247.85,363.52402
251.9,362.36523
251.1,360.79388
250.9,359.1448
255.75,358.23996
256.15,357.78452
257.6,356.31863
258.3,355.59744
251.0,355.65945
254.1,354.80905
254.7,354.3708
259.3,354.75482
266.5,354.34204
263.0,354.73575
260.0,355.1376
270.3,355.48343
272.7,356.30713
277.4,357.27188
277.05,356.71387
277.5,354.6087
277.3,352.95828
275.85,351.35938
276.25,351.40372
271.4,351.2642
270.5,351.5011
268.65,351.6581
270.4,351.71002
268.8,352.44913
269.25,352.7875
270.65,353.25757
271.8,353.486
270.5,354.31522
268.15,354.7159
269.2,355.2908
271.95,355.30872
267.0,356.06903
265.15,356.36768
269.9,356.01593
268.05,356.42374
269.7,356.11176
273.2,356.12527
272.05,356.55283
274.7,357.10355
277.4,357.17355
278.95,357.75992
274.1,358.67917
274.0,358.95758
272.3,360.4259
267.65,360.34073
268.5,361.58643
276.05,362.1085
279.35,363.411
282.15,363.7414
287.75,365.4417
290.0,367.31696
292.6,368.2052
293.15,370.1
296.7,371.45422
292.7,373.48254
289.4,374.86227
289.0,376.785
293.7,378.1648
290.1,378.88513
291.0,379.61093
289.65,380.59827
290.15,381.48807
284.2,382.66986
284.9,383.61337
282.15,384.1996
285.55,384.73773
286.0,385.46967
286.4,386.0191
281.95,386.09583
289.45,385.691
288.25,385.78934
289.35,386.10336
298.8,384.56082
295.95,383.1608
298.65,382.24817
296.0,382.39166
294.6,382.13464
298.0,381.50146
297.15,381.66077
300.45,379.7964
307.0,380.4009
307.65,381.04236
302.95,381.7649
308.15,381.4809
294.4,381.8295
289.15,382.28845
283.15,383.23044
290.0,383.46854
288.45,383.65366
284.4,383.7246
288.8,384.66208
288.55,384.95795
287.35,385.58032
287.4,386.07858
287.35,386.82242
287.25,387.36212
290.75,387.7106
288.8,387.23315
288.5,386.9386
285.05,387.1126
283.8,387.09055
284.35,385.6693
284.05,385.80783
285.85,382.07715
288.5,382.5631
290.0,382.57422
290.2,383.3037
294.55,382.82187
288.85,383.15683
279.4,381.08334
276.4,372.42462
272.55,371.80942
273.6,371.208
274.7,370.9593
273.0,370.0605
275.0,369.2555
280.9,368.82724
280.2,368.642
285.55,368.32907
283.6,368.37085
287.4,367.89716
288.6,367.96677
291.6,367.63596
292.8,367.67813
290.45,367.72455
293.2,367.92334
290.65,368.02664
290.35,368.4118
294.45,368.39386
296.25,368.68597
295.75,368.52567
298.3,368.7641
299.2,368.72662
312.55,367.9406
308.8,367.09332
307.65,367.3834
300.75,367.61456
305.45,367.85696
311.1,367.4297
303.85,366.9685
302.2,366.46225
296.55,363.89536
280.65,363.83606
278.05,363.84604
282.9,361.65128
280.75,361.24905
278.65,361.0649
274.65,361.14938
274.1,361.04807
278.75,361.18134
280.45,361.15976
279.3,361.49554
276.7,361.61417
276.9,361.768
277.35,361.82294
277.7,362.10663
277.8,362.0461
277.3,362.08826
274.2,362.13123
274.5,361.80945
271.95,361.87265
270.85,361.92996
273.5,361.9944
273.35,361.73083
273.9,361.2801
272.05,361.3146
270.15,361.0444
267.8,360.18256
270.55,359.65762
268.5,359.52768
261.9,358.53253
258.65,358.22055
257.9,357.95914
250.45,357.8399
252.8,357.69275
253.75,357.58096
251.3,357.3573
253.35,356.78146
251.35,356.55933
256.65,354.63782
256.5,354.16647
256.65,353.75647
251.6,353.44604
251.6,352.71106
252.45,352.24158
252.25,351.16284
251.15,350.88657
244.2,350.40106
242.5,350.17355
245.75,349.35883
254.5,348.91336
324.7,348.35294
320.65,350.01373
310.95,350.86395
312.1,351.14825
305.8,351.8426
319.8,352.996
314.95,353.90646
325.0,355.16953
328.95,356.00284
317.2,357.36697
309.75,358.1391
313.75,359.19345
333.2,358.37048
331.2,360.09302
329.2,361.3528
325.2,362.92966
333.45,364.28018
337.4,366.27713
333.05,367.33862
330.75,369.2029
335.2,370.32928
334.9,371.9062
332.25,372.89075
335.25,374.39658
332.65,375.38983
328.8,376.93536
320.45,377.76028
312.55,378.84476
313.3,379.17374
319.3,379.8597
312.25,380.15564
316.6,380.77213
313.15,381.35037
318.3,382.284
318.4,382.88028
313.25,383.94458
314.05,384.3864
312.75,385.2953
318.9,385.66116
319.45,386.9333
317.25,387.32767
316.55,388.35776
319.85,388.90765
316.85,389.92032
314.15,390.52542
308.3,391.9756
309.5,392.80157
307.05,394.22742
302.9,395.02347
302.85,396.21802
308.05,396.96045
306.2,398.55362
305.65,399.2495
304.25,400.37708
301.05,401.25668
302.0,402.57724
301.8,403.3558
302.25,404.1311
296.15,405.03146
306.35,406.2713
302.75,407.04434
309.05,398.70505
306.25,395.75687
318.0,395.19543
329.5,394.63245
313.15,395.45993
311.1,395.18637
312.85,395.20428
312.75,394.86005
305.55,394.84552
296.9,395.0423
297.7,395.26715
291.5,395.09695
292.75,392.13034
301.45,388.5801
296.4,388.95587
288.5,388.98602
276.8,389.2269
278.85,388.59903
271.75,388.905
267.65,388.9639
269.65,388.7893
273.1,388.97873
272.6,389.2811
276.1,389.3215
274.75,389.45987
267.8,389.7011
268.75,389.89023
262.55,390.0332
263.8,390.4975
256.5,390.10812
246.65,390.23645
256.75,390.0279
253.15,389.95218
252.85,389.74173
254.9,389.68207
257.0,389.54004
254.1,389.55432
252.6,389.32245
248.1,388.67422
249.25,388.2683
247.7,388.1765
241.6,387.84186
234.6,387.48727
246.35,386.64276
253.85,385.82455
250.1,384.3661
246.3,383.46265
250.35,382.58588
246.9,382.42902
258.4,381.9974
259.8,380.94708
260.55,380.27158
263.25,380.1967
257.3,379.95563
254.3,379.8775
251.2,379.8496
249.3,379.7674
248.2,379.3891
246.25,379.10782
246.25,376.82037
241.4,374.90146
242.7,373.60968
240.6,373.0102
237.4,371.1783
233.35,368.74014
242.65,366.961
246.3,365.9685
240.65,364.84045
241.8,363.87454
241.95,361.9559
246.5,361.22006
250.0,360.499
248.8,357.03574
247.95,356.3391
250.9,355.63345
253.35,355.10706
248.6,354.06732
243.15,352.48328
243.3,351.31656
239.2,349.8073
245.1,348.70804
254.15,347.3241
263.2,347.21042
268.5,347.5848
267.0,347.72797
272.25,347.63214
264.9,347.5502
266.9,346.78857
269.2,346.128
266.75,346.36514
263.1,346.59628
263.5,346.28137
269.9,346.1934
269.25,346.57648
272.7,346.9073
273.65,346.6251
282.85,346.81558
287.65,347.40857
282.7,347.61
277.55,348.1296
276.85,348.5377
272.4,348.66312
273.25,348.4046
268.7,348.42166
273.25,347.6169
268.3,346.9969
267.15,347.1448
261.65,347.51505
256.85,346.94186
259.3,347.12912
259.1,346.72644
257.75,345.5518
257.5,345.0388
256.6,343.20435
257.45,343.17462
261.35,343.19678
263.5,343.20602
258.9,343.44788
262.75,343.51785
257.6,343.6338
251.75,344.0392
259.25,343.86832
259.0,343.34045
260.15,343.60687
260.95,344.09662
266.4,344.3579
266.7,344.28418
271.45,344.40204
286.7,344.97217
286.6,345.65756
297.35,345.82645
293.4,346.19464
295.1,346.05585
294.0,346.26416
298.6,346.88937
308.55,347.21454
304.0,347.90704
308.65,348.29657
316.45,349.04858
304.45,349.9104
294.8,350.80746
294.7,351.70166
292.7,351.014
302.0,349.84555
307.55,350.29083
306.9,351.08655
302.25,351.87204
300.3,352.72128
308.25,353.45822
304.95,354.34674
309.65,355.22546
308.15,356.308
308.85,357.1756
306.4,357.9526
296.6,358.56323
296.75,359.13184
296.65,359.60333
291.85,359.564
285.0,359.52737
282.3,359.81195
285.45,360.28494
290.4,360.72
285.6,361.06873
274.0,361.41254
271.4,362.0022
270.05,362.27072
264.55,362.98956
270.25,363.27524
264.0,363.86942
265.0,364.7786
265.0,365.37317
273.05,366.15897
270.7,366.8839
270.6,367.74695
257.8,368.47232
266.0,369.22717
262.65,369.7132
278.1,370.41403
262.15,371.1023
263.35,371.88757
263.35,371.5946
270.2,372.49673
261.15,373.22946
260.85,373.75415
259.95,374.4351
255.35,375.20828
255.5,375.6297
249.65,376.2515
248.1,376.4518
268.05,375.81256
273.15,375.55075
280.5,375.2193
285.7,375.02994
285.45,374.98035
295.3,375.35303
286.5,374.5166
286.65,374.2278
283.0,374.28674
277.75,374.66245
278.15,373.69766
283.7,371.09915
285.3,371.1748
290.3,371.1098
288.2,371.86206
283.05,371.74695
286.55,371.94037
282.6,372.09717
285.7,372.39697
289.05,372.39078
284.15,372.13794
286.25,372.1937
284.35,371.95206
287.0,371.85004
282.3,371.64062
280.2,371.45886
275.75,371.35187
275.4,371.10046
273.4,371.00742
281.2,370.60934
285.25,370.3503
288.6,369.65332
289.15,369.8196
288.65,369.78964
292.55,370.03275
300.4,369.84674
293.85,370.2858
291.65,369.54843
292.8,369.4584
293.95,369.7655
291.85,368.3555
294.45,368.8781
295.65,369.09735
299.35,369.35196
293.85,369.91687
291.05,370.44986
297.5,370.74396
295.7,371.37253
305.1,372.08917
305.05,372.34406
304.65,372.3781
302.55,370.1345
300.5,371.09735
301.0,371.17242
302.75,371.9297
297.35,372.26447
295.2,371.90317
292.35,372.38916
290.3,373.1517
286.5,373.4426
287.95,374.25024
285.25,373.67032
281.6,373.5055
280.75,373.0511
287.5,372.82135
293.35,372.33966
284.3,371.8247
283.6,371.26025
284.5,371.91772
288.2,370.39752
287.6,370.48148
285.05,370.69275
279.8,367.60812
275.4,367.66714
268.25,367.264
267.05,367.33972
262.95,367.2671
259.75,366.65176
262.5,366.7251
267.05,366.50812
267.55,366.16568
270.75,365.749
270.2,365.6975
266.3,365.56143
267.25,365.4686
269.75,365.25153
272.95,365.27365
276.05,365.40735
277.65,365.71725
281.15,365.88937
281.25,366.03467
286.8,366.2129
286.5,366.19577
292.65,366.40677
291.15,366.51636
297.7,366.50467
298.45,365.6104
302.75,365.49915
303.45,365.5065
298.1,365.77744
293.8,365.7014
303.3,366.31522
308.05,366.73395
318.4,367.0628
320.8,366.74265
322.8,367.27167
328.55,367.7006
320.65,368.24023
321.7,368.86597
317.0,369.1487
312.8,369.38416
315.15,369.56534
311.2,369.9296
314.7,369.98706
315.3,370.27628
315.65,370.47388
315.8,370.03363
310.9,370.39264
310.0,370.40735
305.65,370.91367
310.7,371.3424
306.3,371.91956
312.3,372.36356
310.2,372.97516
307.45,373.33398
309.15,373.54376
308.7,373.35175
305.85,371.8464
298.1,372.2934
299.25,372.63818
308.05,373.03333
306.75,373.14178
313.9,373.85596
311.6,374.7271
315.2,375.62283
318.95,376.0964
344.6,376.83588
337.55,378.2935
340.85,379.99072
342.3,381.43045
354.6,383.4302
361.45,385.12057
360.4,387.27893
348.55,389.03903
353.65,390.83646
352.55,392.146
354.9,393.9869
352.35,395.24612
337.05,396.0668
341.65,396.87692
343.4,397.40588
347.35,397.63074
344.2,398.426
346.3,398.65756
343.85,399.35773
337.75,399.52402
340.25,399.6862
338.85,399.13947
345.05,399.3698
349.45,399.39905
353.25,399.8807
356.5,399.8256
358.0,400.02325
362.05,399.78265
360.9,399.68726
361.5,399.76996
364.5,400.26517
366.15,400.3376
367.3,400.84732
370.6,401.1543
355.25,401.90582
359.15,402.3264
354.2,402.71054
363.1,403.14554
363.55,403.94904
359.95,404.50867
364.25,405.407
372.15,405.82776
363.65,406.853
356.0,407.34888
350.8,408.1757
342.05,408.57138
339.65,409.32666
341.4,409.56323
342.5,410.21646
343.65,410.16702
327.5,409.6631
332.05,409.88495
317.2,409.76865
308.45,409.69504
300.25,409.93082
301.25,408.4213
289.95,408.24225
294.3,407.68494
291.35,407.4495
283.4,407.1254
289.85,406.98953
290.95,404.90454
286.7,402.72174
283.65,401.40503
277.4,399.7499
268.4,397.94556
271.1,396.9492
280.25,395.57562
285.7,395.6297
284.9,394.87155
274.65,394.64438
273.7,393.66064
268.35,392.836
274.95,391.73907
273.15,391.5713
273.95,390.55576
277.9,390.3585
285.3,389.62054
286.85,388.83713
291.7,388.2321
284.65,388.33368
273.9,387.35388
280.5,387.17474
274.05,386.3036
301.7,385.83243
313.6,385.3997
302.45,385.71478
280.15,385.31378
281.9,385.1478
281.25,384.5739
270.9,384.63977
256.0,383.9573
255.0,383.91718
249.9,383.12286
249.0,382.34726
260.9,381.56735
254.05,381.55884
254.5,380.54092
255.45,380.40378
258.4,379.5813
255.9,379.1774
265.45,378.3328
269.65,378.04715
270.45,377.16486
275.5,377.1289
262.7,376.28384
281.6,376.22827
282.05,376.13132
280.5,376.28287
289.95,376.09283
312.25,376.3681
313.5,377.03247
314.2,377.65237
319.2,378.10718
317.55,378.01013
318.15,378.34863
315.85,378.9009
318.3,379.6016
306.55,380.43668
306.1,380.9901
322.0,381.8769
325.2,383.034
330.3,380.64655
328.7,382.04102
331.35,383.00006
329.15,384.30753
336.1,385.3272
335.45,386.53137
343.6,385.23013
348.95,385.3521
341.85,386.3734
338.55,387.78574
336.2,388.21146
341.9,389.5147
336.25,389.73035
319.8,390.9438
316.75,391.77066
313.45,392.86734
312.7,393.46356
321.8,394.5195
332.7,394.9959
331.8,396.3797
332.85,397.12738
326.9,398.39438
328.15,399.00037
337.85,398.03888
332.35,397.03244
331.3,397.492
329.85,397.07565
337.25,396.7744
334.25,397.05124
333.7,397.73743
334.35,396.51846
339.3,395.7892
333.75,395.59384
318.95,396.35458
318.25,396.01355
319.85,396.83224
330.25,396.9729
332.25,398.26184
330.6,398.99023
327.9,399.86972
324.2,400.12894
323.25,400.73615
318.0,401.0444
313.95,401.85287
313.65,401.24216
316.1,399.81006
323.25,400.29718
324.05,400.85355
316.2,400.451
314.85,398.1526
316.4,397.48972
310.7,397.37622
318.55,396.50867
303.15,396.66782
298.0,396.3678
306.25,396.63712
310.95,396.68182
322.0,397.1032
320.5,397.39856
318.5,396.0645
324.35,395.67007
320.0,395.64072
327.45,395.59583
319.55,395.74094
314.2,395.82626
317.6,395.84933
320.25,395.71902
327.65,395.52383
322.9,395.00418
326.6,394.77084
328.25,394.81757
321.95,395.03217
302.9,394.87845
287.45,394.57367
289.85,394.05814
285.3,393.34818
288.3,392.92538
270.45,392.83124
253.7,392.60507
245.2,392.04724
212.75,391.4995
242.25,391.11618
223.25,391.39597
214.9,391.27524
214.65,390.72076
203.85,390.65283
209.65,390.82675
181.6,390.9217
183.35,390.4499
189.95,390.18033
192.85,390.06113
196.05,390.2669
186.95,390.34677
196.95,390.21515
186.6,390.1143
175.55,389.47818
186.35,388.93857
182.9,388.34625
187.7,387.78494
183.55,387.35776
182.3,387.0198
188.6,386.601
193.3,386.23447
192.55,385.72958
184.9,385.4882
188.6,384.2179
186.8,384.0119
179.7,383.31693
180.85,383.02008
184.3,382.44873
190.0,382.08545
190.4,381.61942
178.8,381.13004
170.5,379.11908
171.05,377.97375
170.7,377.1263
166.7,376.22443
165.45,375.5241
166.7,374.01953
174.1,373.1525
167.95,372.65567
166.4,371.91113
155.4,370.90164
152.85,369.4523
153.45,368.17044
151.95,367.19583
150.85,366.0272
151.4,365.21902
158.6,363.95657
158.3,363.0486
160.3,362.15427
170.05,361.8519
170.25,361.3055
174.85,360.92572
174.05,360.10162
187.8,359.95602
186.8,360.34207
184.45,358.8661
187.8,359.08282
177.2,359.10486
179.25,358.9766
174.05,358.5979
172.85,356.28076
173.0,356.5325
179.7,356.6254
184.45,356.40384
187.75,355.41302
192.45,356.1303
184.6,357.12726
185.25,357.58893
184.6,358.29205
179.3,357.70148
178.4,356.48502
184.8,357.60315
185.45,357.97443
184.75,358.86328
188.05,358.95755
188.55,359.3918
191.95,359.15543
199.1,360.30893
195.65,361.40192
192.6,362.4582
186.1,363.08057
183.85,362.99683
186.2,363.23044
188.3,364.0238
190.65,364.08682
194.35,364.57623
192.0,364.37936
198.3,365.69003
191.9,366.41898
187.15,367.1356
189.45,367.1088
191.2,367.08942
186.55,366.24878
191.45,365.84476
192.1,366.90442
191.65,367.05347
191.5,367.50278
190.95,367.83545
190.65,367.72604
193.8,368.4658
195.1,369.44458
203.35,369.6067
201.85,370.72928
196.45,371.365
193.05,372.69302
195.1,371.88916
197.1,372.69778
194.7,372.77682
198.35,372.55035
201.4,369.80115
208.0,369.1757
209.85,368.9568
215.75,368.41095
224.85,368.65466
212.15,365.5936
218.1,364.24658
216.2,364.4309
213.15,364.97012
206.65,364.99728
207.9,364.17023
204.0,364.64615
194.9,363.62048
198.15,363.69135
202.7,361.86853
198.55,360.08032
200.15,358.55157
198.25,356.59857
195.5,356.0591
192.6,356.0031
185.8,355.3219
186.15,355.88553
183.8,355.67633
176.45,356.00732
182.2,355.96832
187.3,356.5485
185.0,355.00073
185.4,355.06018
190.35,352.0963
188.75,350.14572
191.6,348.27582
190.65,347.34998
191.5,346.83932
198.25,346.2004
198.65,345.48074
195.65,345.83264
200.05,344.81213
192.85,344.7334
195.8,344.12314
204.05,343.7605
203.0,343.0122
203.85,343.40152
203.3,343.5166
202.75,343.4715
196.75,343.44775
194.6,341.50067
190.5,340.83334
188.8,341.1101
189.25,338.9532
196.0,338.27307
204.75,338.29926
207.05,338.53735
218.7,338.83255
219.05,335.63635
219.5,335.23834
231.7,335.86386
234.2,337.09946
226.8,338.7281
229.55,339.66953
229.65,340.7904
240.2,341.19574
252.05,342.9195
239.75,342.46368
242.8,343.09155
238.7,343.17883
243.85,342.57596
243.15,341.80923
245.45,341.98373
244.3,343.15747
248.05,345.05402
246.8,345.5262
256.35,346.79504
263.45,348.48187
269.7,350.16467
271.95,350.5666
270.35,352.6242
269.6,353.93854
272.45,355.4371
274.25,357.0354
270.6,358.7373
269.45,359.3536
267.6,359.8693
271.4,361.39383
254.6,363.01364
257.55,364.6621
263.05,365.12234
266.75,366.75558
275.15,367.8677
277.9,369.5034
276.85,370.92798
274.75,371.71667
279.35,373.28683
281.05,374.71646
281.75,375.96808
284.9,376.68155
287.75,377.43582
286.0,378.54385
282.35,380.14975
292.65,380.47424
306.7,382.0695
307.2,383.66986
303.8,384.70502
294.1,385.75827
298.6,387.03976
302.55,388.90244
294.95,390.4343
283.75,391.73724
280.9,392.68414
275.6,393.73746
282.4,394.6099
282.05,396.02075
311.1,396.67804
333.2,396.7058
335.85,393.4202
355.1,393.67126
393.05,396.16135
396.85,397.7942
394.7,399.5449
392.05,402.97833
390.15,405.08804
393.2,408.98172
407.05,409.63644
402.3,411.38504
411.9,412.31186
415.0,414.85226
399.35,416.92975
389.55,419.57895
395.65,421.15277
406.15,423.6874
407.25,426.60178
390.2,429.18106
395.0,431.37762
393.95,432.85074
405.05,433.7993
395.8,435.84146
383.8,436.85065
389.55,438.83688
387.5,441.06516
387.5,442.4381
381.2,444.63428
383.7,446.78714
378.45,449.1203
368.05,449.12506
366.6,451.19537
371.1,452.62317
367.05,454.46542
372.5,456.0751
359.9,457.79196
355.15,459.16977
357.1,460.6051
361.1,461.8415
364.35,463.80908
370.55,465.36234
353.65,467.1243
350.55,468.6026
358.45,469.85626
355.6,470.8191
353.05,470.95215
328.8,470.86615
340.95,472.0924
342.4,470.68588
339.9,471.9188
331.25,472.40942
329.6,473.63596
336.6,474.15564
336.45,475.76483
344.35,476.4457
352.9,477.48248
363.3,478.38474
359.25,480.4908
353.45,481.0492
350.45,482.49237
351.6,482.03897
355.35,480.1701
355.5,479.46695
358.2,477.81946
361.8,473.03802
364.45,472.1841
367.85,471.37338
360.5,471.83643
383.4,471.75098
382.35,472.61026
384.25,471.03525
384.55,470.93024
401.1,469.86697
412.05,470.5846
412.25,471.0507
413.55,473.07816
425.3,473.25284
422.05,471.54712
424.25,471.8316
432.6,472.85114
437.2,473.55145
439.65,474.85168
433.6,475.0682
432.4,476.11722
427.15,475.39938
421.45,476.29077
432.25,476.98862
429.55,478.4143
430.35,478.75204
429.5,479.32126
425.95,479.69864
420.2,481.19666
412.8,481.61145
419.55,482.42596
418.75,483.0215
418.9,483.1409
417.1,483.63043
428.75,483.49643
426.65,484.15445
421.5,485.2835
419.25,485.33966
420.4,486.03015
424.55,485.7772
432.7,486.54712
429.65,486.87357
432.55,487.71564
424.4,488.15878
423.6,487.28894
427.5,487.7115
429.15,487.84528
430.95,487.8965
431.65,488.7762
430.2,488.96844
427.7,489.19766
420.8,489.73404
422.0,489.65503
429.15,488.9765
423.3,488.7471
429.45,487.4455
425.45,487.42126
441.75,487.27258
431.7,487.74597
434.85,487.6122
446.45,488.35367
457.05,489.20612
441.85,490.46536
435.65,490.5714
433.4,490.87787
426.4,490.7789
428.0,487.8726
427.1,486.48444
431.35,485.73044
424.85,486.0412
421.35,482.18842
419.85,479.51465
406.95,478.7913
409.3,477.916
417.55,476.7206
416.2,474.96085
410.8,474.45236
412.35,472.95795
422.7,471.9095
426.0,471.227
429.7,470.83487
429.65,470.70984
431.4,470.17953
431.05,469.9895
428.95,469.81702
431.45,469.50226
432.2,469.23126
432.75,469.23544
433.05,469.23416
443.85,469.09866
463.65,468.7807
454.05,468.89993
437.3,469.43112
438.95,469.90378
439.0,470.14032
449.8,470.63287
440.8,471.0944
446.2,470.92624
445.1,471.44388
460.1,471.96628
453.05,472.9142
451.75,473.08023
463.05,472.9841
464.65,473.7961
457.15,474.50415
457.75,475.3819
457.7,475.58344
469.2,476.14352
483.1,476.8822
481.6,477.9962
490.5,479.0548
497.85,479.5685
488.45,480.7376
499.95,481.92355
503.05,483.34842
502.95,484.6035
506.35,485.66418
512.6,487.06644
519.15,487.57443
501.4,488.29166
502.4,489.17773
515.55,489.57663
521.7,487.88452
527.65,488.09286
530.45,489.52066
523.15,490.93842
529.2,492.43646
524.4,493.65424
509.55,495.206
511.25,496.18588
506.7,497.43405
495.0,498.50735
498.15,499.7743
503.95,500.5701
486.45,501.66852
493.05,502.79535
493.25,503.97815
490.55,505.2009
470.5,506.28918
464.65,507.04404
460.6,507.78003
475.3,508.30182
477.05,509.201
473.2,509.9389
465.35,510.8831
476.65,511.55023
491.45,512.36475
488.6,513.2984
494.7,514.3465
487.65,515.36847
488.55,515.4013
484.9,515.256
481.2,515.1699
467.75,512.13635
449.2,512.62585
445.85,512.435
455.8,511.43314
461.95,511.39526
456.85,511.59845
458.05,511.35092
460.95,510.63635
454.25,510.04187
451.8,510.0791
460.45,509.44843
470.85,509.55246
483.5,509.10776
492.2,509.8186
491.75,510.20013
491.3,509.6579
503.55,509.46896
505.95,509.78708
510.15,509.90036
511.3,510.25497
508.25,510.458
514.05,509.13794
506.65,508.9681
515.9,508.8488
511.55,508.28732
502.8,508.3168
494.1,507.69803
514.85,507.6908
529.0,507.36063
523.35,507.7564
538.35,507.68268
532.25,506.68457
539.85,507.10446
540.1,507.25854
530.2,507.59012
533.2,507.95035
531.1,508.54797
535.15,509.05978
540.45,509.7384
529.3,510.3286
501.8,510.8945
524.65,511.03775
516.35,511.2174
512.8,511.46606
515.45,512.06573
511.85,512.60443
498.2,513.1583
498.55,513.32666
472.65,513.6464
482.85,513.60767
483.3,513.9032
474.4,513.9913
467.3,514.3078
461.95,514.45374
440.35,514.0268
440.2,513.9504
451.9,514.1181
468.6,514.1765
470.4,514.8356
485.15,515.1609
485.9,516.077
492.55,516.54846
501.75,517.6361
490.6,518.3387
493.9,519.38245
490.65,520.04614
487.0,520.8746
490.35,521.50616
497.4,522.34235
494.95,523.1161
494.2,523.9052
493.4,524.25
508.2,524.5278
512.55,524.38794
509.3,524.39355
514.05,524.5855
515.1,524.4883
516.1,524.2639
514.95,524.459
512.7,524.3996
517.5,524.6593
509.4,524.8579
511.65,524.9087
509.35,524.7674
516.3,524.692
500.4,524.5062
494.7,524.44214
506.0,523.9368
497.0,523.67914
507.05,522.14905
496.5,521.49475
490.75,520.59406
479.6,519.4555
479.95,518.7017
484.35,517.80396
475.7,516.8325
475.1,515.4155
476.4,514.39374
462.45,513.6753
445.05,512.59875
455.15,511.70444
467.35,510.78076
457.95,509.693
447.7,508.93564
462.5,508.1172
460.95,507.30862
462.35,506.72043
454.2,505.97998
469.0,505.5499
469.0,505.1592
474.45,504.8619
467.8,504.55096
468.2,503.67496
469.75,502.7031
464.3,502.66922
463.55,502.18118
463.35,500.38412
471.05,500.1156
466.85,499.35593
461.8,498.73853
445.9,497.57077
447.8,496.84998
451.5,496.12238
441.35,495.53772
441.0,495.01987
434.25,494.02267
450.7,493.083
447.7,492.58316
451.35,492.18616
454.35,491.7087
461.2,491.33804
464.35,491.1351
459.45,490.97253
465.8,490.43088
466.9,489.67807
473.45,489.09973
472.15,488.63495
479.65,487.88568
486.75,487.3718
488.45,487.02158
488.2,486.63068
484.8,486.3623
486.65,486.1297
479.45,485.86548
479.0,485.56366
490.25,485.09573
498.0,485.3881
508.6,485.4384
512.05,486.01587
513.7,486.122
517.6,486.6886
514.15,486.9974
528.35,487.43948
532.3,486.97314
528.2,487.93967
533.6,488.3346
541.85,489.56183
540.8,490.39
532.9,491.7267
530.65,492.45905
520.3,493.07767
514.5,493.5
524.55,494.29095
530.65,494.9713
525.9,496.29364
528.0,496.8386
532.4,497.7921
520.4,498.49414
511.2,499.53198
522.05,499.63184
519.15,500.30734
520.55,500.62152
523.8,501.53085
514.7,502.11444
531.15,502.96918
533.3,503.69916
536.45,504.88004
538.95,505.76086
537.75,506.4078
532.65,507.17578
544.7,508.3163
553.45,509.15814
554.85,510.37463
558.25,511.446
571.6,512.70483
572.15,514.0847
561.6,515.8768
572.4,517.0809
574.1,518.76013
569.8,519.91907
567.4,521.6276
550.45,522.7144
543.8,523.8945
536.25,524.69836
525.3,525.8609
521.95,526.37396
531.05,527.24365
519.65,527.88885
532.7,528.55884
537.25,529.112
530.35,529.9725
530.3,530.4912
527.2,531.3253
533.95,531.80597
521.35,532.67163
527.05,533.0004
543.9,532.00793
562.45,532.4532
553.2,532.69385
555.4,532.9261
560.8,533.34766
570.35,533.7195
578.15,534.524
579.55,535.11957
570.75,535.5919
573.8,536.1667
576.75,535.36664
573.95,535.8362
584.8,536.1396
593.75,536.8408
614.2,537.59924
615.55,538.8525
605.7,540.207
601.1,541.4917
592.55,542.4847
600.9,543.55237
599.6,544.554
599.15,545.59686
602.65,546.4982
598.05,547.73474
599.1,548.66486
607.75,549.70197
609.35,550.74915
607.45,551.77783
608.7,552.8455
608.4,553.78986
602.5,554.5429
608.05,555.19794
607.55,556.0461
617.15,556.7204
609.0,557.80255
607.0,558.4504
611.7,558.76794
616.45,559.3491
613.05,560.09827
616.65,560.076
625.55,560.92993
615.5,561.7467
603.3,561.75745
604.95,562.1187
604.6,562.66956
593.4,563.1034
593.35,563.6788
573.95,564.16864
596.75,564.5647
601.85,565.0455
601.2,565.7374
612.3,566.311
613.2,567.4833
612.25,568.5108
612.35,569.42865
605.25,570.45074
605.2,571.3234
600.6,572.3225
607.85,573.20215
595.15,574.2467
596.55,575.1656
595.0,575.7689
600.05,575.8891
603.0,576.39075
592.95,576.9519
591.4,577.13983
589.9,577.5021
592.1,577.24194
600.45,577.2495
594.35,577.53577
568.8,577.6822
540.2,577.3338
538.35,577.1413
553.7,576.59424
527.1,576.1677
528.0,574.94525
544.45,574.0572
545.35,573.7885
547.1,573.5417
549.55,573.4642
550.65,573.2713
552.95,572.9519
537.3,572.7928
540.65,572.15826
542.2,571.8301
540.1,571.3842
530.9,570.65173
525.1,569.82135
523.25,568.923
516.35,567.97925
520.8,566.9395
520.95,566.0669
527.95,564.9544
522.75,564.1388
536.8,562.92786
533.8,562.1309
561.1,561.27985
561.65,561.00146
564.8,560.18866
559.1,559.9248
547.25,558.1482
529.7,557.3392
525.25,556.1588
517.45,555.49066
524.45,554.4136
529.2,553.69916
519.1,552.78235
521.75,552.025
521.5,551.2592
512.7,550.5034
505.6,549.3416
510.0,548.381
508.1,546.96027
516.35,545.7203
523.7,544.63806
526.65,543.7069
522.8,542.78455
527.95,541.9073
526.3,540.9775
532.0,540.02423
528.25,539.11633
533.15,538.37177
544.0,537.6127
545.8,537.15106
540.35,536.54144
544.7,536.02704
542.95,535.4883
554.55,535.12164
561.65,534.72394
566.3,534.5087
564.95,534.2194
578.05,533.98706
575.15,533.9982
570.2,533.83136
580.0,533.7039
576.35,533.37964
583.4,533.42596
573.45,533.2532
572.05,533.0947
573.4,533.3058
578.1,533.4174
581.9,533.6192
586.2,533.9636
586.5,534.5335
574.15,535.1001
575.05,535.8163
577.15,536.3916
581.55,536.96875
582.55,537.7006
581.3,538.59503
585.85,539.451
594.95,540.22125
592.85,541.17206
580.55,542.027
582.6,542.6746
587.2,543.29266
587.0,543.9019
585.3,543.3042
588.95,543.6438
588.5,543.8646
578.6,544.287
578.55,544.5153
576.4,545.0474
576.45,545.51904
566.1,546.2379
571.3,546.4952
568.8,546.9638
567.4,547.4784
566.4,547.99036
563.05,548.534
554.7,549.1053
557.1,549.6692
565.95,550.0322
569.95,550.7594
572.8,551.23737
585.4,551.8434
589.2,552.6204
590.85,553.5253
592.3,554.2475
593.75,555.13965
592.5,555.8302
588.45,556.832
589.05,557.34186
585.7,557.6608
584.45,558.0584
600.9,558.74524
592.2,559.54456
601.35,560.4141
609.95,561.0462
614.95,561.7104
617.65,562.5694
609.8,563.4304
615.05,563.79395
616.5,564.4599
616.05,565.15344
620.1,565.7179
611.75,566.13904
598.55,566.60205
590.6,566.9563
573.25,567.41266
567.85,567.9155
572.9,568.12946
573.75,568.3981
573.55,568.2414
574.2,568.36633
560.6,567.7631
565.4,567.58075
572.1,567.5054
573.05,567.55286
571.45,567.67975
568.3,567.8496
576.9,567.6454
576.7,567.6116
570.25,567.5555
572.8,567.6408
575.2,567.56885
567.65,567.79987
561.3,567.75464
569.7,567.8306
575.55,568.0375
572.9,568.3594
570.45,568.54236
579.3,568.9052
583.45,569.2688
591.55,569.8327
588.25,570.4494
596.45,571.0915
597.2,571.5298
598.4,572.31824
603.95,572.76587
601.05,573.50134
588.3,573.985
598.1,574.6358
594.1,575.0518
594.3,575.4061
589.5,575.54144
589.95,575.62555
598.7,575.4711
602.95,575.7262
585.95,575.6813
592.25,575.4924
594.1,575.1738
585.0,575.42065
591.6,575.24695
588.3,575.2962
586.2,575.0719
576.15,574.56305
575.7,574.08154
576.4,573.74677
572.65,573.07135
571.25,572.1979
563.25,571.5863
553.05,570.89874
556.35,570.1264
547.15,569.52954
561.0,568.5688
565.05,568.06824
565.35,567.43854
566.2,567.15265
571.9,566.4371
578.15,565.344
574.4,565.32294
580.8,565.6105
580.2,566.0092
578.75,566.2319
579.4,566.5261
581.2,566.664
581.35,567.0151
584.65,567.26953
584.4,567.0899
563.15,567.41406
563.7,567.6309
561.4,567.60785
559.1,567.44543
559.95,566.86884
560.3,566.7126
564.55,566.4747
568.5,566.11743
564.7,565.83795
571.85,565.1302
594.65,564.64935
608.4,565.16583
608.1,565.8186
611.85,566.4502
614.0,566.41785
614.35,566.98975
612.35,567.3462
619.85,567.9375
623.55,568.03326
648.4,568.7676
648.85,569.4326
655.6,570.5279
636.15,571.5354
643.9,572.27783
636.65,573.08704
637.95,574.14417
648.35,574.9254
651.1,576.1163
641.95,576.6526
641.95,577.3437
639.05,578.052
643.4,579.0246
642.7,579.51227
641.85,580.53754
627.05,581.2503
625.4,582.064
621.7,582.6481
620.3,583.0629
633.75,583.4901
640.15,584.5182
636.8,585.5267
626.15,586.6964
628.3,587.28925
627.7,588.473
631.5,589.32227
605.05,590.525
618.3,591.02795
612.9,592.0914
622.9,593.02
626.6,594.17346
640.65,594.9449
647.85,595.6021
650.4,595.9974
643.1,596.98846
650.9,597.9136
675.5,599.24207
699.4,600.9267
724.25,603.50525
707.9,605.7015
713.1,607.96375
743.35,610.2382
761.6,612.6524
754.75,615.37805
759.1,618.49774
760.1,621.233
771.55,624.1287
765.95,626.85925
759.4,629.6651
759.0,632.1908
749.7,634.90497
742.35,637.3509
749.3,637.7596
769.3,639.5341
773.05,641.2989
772.15,643.40765
783.9,644.88257
784.05,646.8521
788.15,648.83405
773.5,651.01
759.4,652.5996
746.4,653.6295
740.75,654.03564
732.0,654.68317
730.7,655.35645
723.1,656.32733
736.3,656.74774
743.8,657.9676
746.4,658.9566
740.05,660.0835
734.05,662.15955
752.6,663.0465
758.2,664.9957
767.35,666.386
770.95,668.44586
759.25,669.83386
764.35,671.5085
768.4,673.02686
764.15,674.7991
779.0,676.65607
766.75,677.96246
756.85,678.9899
751.9,680.19867
744.8,681.7381
750.8,682.97485
765.85,684.3424
772.85,685.7121
773.2,687.273
812.6,689.0696
801.4,691.2743
826.15,692.82965
825.7,695.4979
830.05,697.5845
831.55,699.38727
807.75,700.64935
801.95,702.02637
810.4,703.5966
819.65,704.3848
818.35,704.4031
808.85,704.5749
818.15,705.8056
820.4,706.9141
811.9,707.52094
817.85,708.044
820.85,708.5376
830.55,709.06146
819.3,710.04193
832.35,709.8611
828.6,710.65906
834.1,711.10077
830.9,712.1522
822.95,712.17523
826.05,713.86725
830.1,714.7071
905.8,715.65204
775.2,718.0609
789.65,720.2711
816.95,721.51044
829.9,723.662
832.15,725.26666
835.25,727.38257
839.15,729.20056
843.9,731.33325
840.2,733.1949
844.6,735.1987
852.6,736.9288
843.8,739.2814
836.4,740.7827
832.65,742.5523
841.85,743.91486
845.05,742.7221
844.15,744.30786
848.85,745.23376
842.1,746.6841
826.35,747.7011
840.1,748.70996
839.25,749.95154
860.05,750.9629
856.25,752.39044
860.95,753.33655
849.1,754.5648
856.55,755.2922
859.65,756.39624
881.6,757.58014
880.85,759.3882
893.4,760.48926
889.2,762.09216
878.35,763.3735
863.9,765.0926
852.25,764.9933
848.3,765.71106
862.95,765.3066
872.0,765.9133
873.0,766.6625
872.75,767.0867
862.75,767.5162
847.9,768.3241
811.1,768.64026
797.75,768.71655
809.1,768.2425
807.65,768.2179
824.2,768.0557
813.0,768.53046
797.3,768.3703
802.95,768.268
812.45,768.1137
813.65,768.1947
820.0,767.9592
815.8,767.724
820.15,767.12354
815.25,766.67816
815.35,766.3311
815.15,765.6119
809.3,765.1821
814.5,764.675
815.65,761.7761
822.1,758.7224
824.75,757.3563
816.5,756.9889
818.6,755.8703
782.6,755.0876
784.3,754.67914
782.6,754.1961
768.3,753.58734
788.05,752.32043
790.55,751.54004
785.45,750.8059
783.05,750.1864
792.35,749.1089
790.35,747.86676
781.9,747.3168
801.8,746.81354
798.35,746.6367
792.95,745.4523
801.9,744.84735
802.65,744.2584
787.6,743.4681
797.0,742.89355
794.35,741.74335
796.6,740.8606
769.8,740.2024
782.05,739.6398
797.0,738.86426
796.95,738.23816
800.0,736.4741
